{
  "extends": "solhint:recommended",
  "rules": {
    "code-complexity": ["error", 8]
      , "compiler-version": ["error", ">=0.8.0"]
      , "const-name-snakecase": "error"
      , "contract-name-camelcase": "error"
      , "event-name-camelcase": "error"
      , "func-name-mixedcase": "error"
      , "func-param-name-mixedcase": "error"
      , "func-visibility": ["error", { "ignoreConstructors": true }]
      , "imports-on-top": "error"
      , "modifier-name-mixedcase": "error"
      , "named-parameters-mapping": "error"
      , "no-console": "error"
      , "no-empty-blocks": "error"
      , "no-unused-vars": "error"
      , "no-global-import": "off"
      , "var-name-mixedcase": "error"
  }
}
